{
  "Workflows": [
    {
      "Path": "Main.xaml",
      "SortBy": 0,
      "VariablesSectionElementsOrder": [
        "decodedText&Sequence_40",
        "encodedText&Sequence_13",
        "mailMessages&Sequence_13",
        "wordFilePath&Sequence_22",
        "encDocPath&Sequence_22",
        "encodedText&Sequence_24",
        "userMessage&Sequence_22",
        "decryptedText&Sequence_1",
        "latestExcelFile&Sequence_13",
        "excelFile&Sequence_11",
        "nameMatches&Sequence_7",
        "pdfText&Sequence_2",
        "pdfPath&Sequence_2",
        "attachmentPaths&Sequence_2",
        "studentFolderPath&Sequence_2",
        "studentName&Sequence_2",
        "certificateText&Sequence_5"
      ],
      "ArgumentsSectionElementsOrder": null,
      "ConstantsSectionElementsOrder": null,
      "AddedNamespaces": null
    },
    {
      "Path": null,
      "SortBy": 0,
      "VariablesSectionElementsOrder": null,
      "ArgumentsSectionElementsOrder": null,
      "ConstantsSectionElementsOrder": null,
      "AddedNamespaces": null
    }
  ]
}